,url
0,https://www.petrescue.com.au/listings/882176
1,https://www.petrescue.com.au/listings/887826
2,https://www.petrescue.com.au/listings/882173
3,https://www.petrescue.com.au/listings/882175
4,https://www.petrescue.com.au/listings/882172
5,https://www.petrescue.com.au/listings/881801
6,https://www.petrescue.com.au/listings/881799
7,https://www.petrescue.com.au/listings/878502
8,https://www.petrescue.com.au/listings/887817
9,https://www.petrescue.com.au/listings/886480
10,https://www.petrescue.com.au/listings/872481
11,https://www.petrescue.com.au/listings/881099
12,https://www.petrescue.com.au/listings/873748
13,https://www.petrescue.com.au/listings/872608
14,https://www.petrescue.com.au/listings/887808
15,https://www.petrescue.com.au/listings/887803
16,https://www.petrescue.com.au/listings/887799
17,https://www.petrescue.com.au/listings/879155
18,https://www.petrescue.com.au/listings/880844
19,https://www.petrescue.com.au/listings/880839
20,https://www.petrescue.com.au/listings/880879
21,https://www.petrescue.com.au/listings/880848
22,https://www.petrescue.com.au/listings/866693
23,https://www.petrescue.com.au/listings/885021
24,https://www.petrescue.com.au/listings/886474
25,https://www.petrescue.com.au/listings/887782
26,https://www.petrescue.com.au/listings/887781
27,https://www.petrescue.com.au/listings/887780
28,https://www.petrescue.com.au/listings/887779
29,https://www.petrescue.com.au/listings/887778
30,https://www.petrescue.com.au/listings/885119
31,https://www.petrescue.com.au/listings/882253
32,https://www.petrescue.com.au/listings/886469
33,https://www.petrescue.com.au/listings/887776
34,https://www.petrescue.com.au/listings/887775
35,https://www.petrescue.com.au/listings/887774
36,https://www.petrescue.com.au/listings/887773
37,https://www.petrescue.com.au/listings/887769
38,https://www.petrescue.com.au/listings/883267
39,https://www.petrescue.com.au/listings/871173
40,https://www.petrescue.com.au/listings/879280
41,https://www.petrescue.com.au/listings/881757
42,https://www.petrescue.com.au/listings/879276
43,https://www.petrescue.com.au/listings/885864
44,https://www.petrescue.com.au/listings/885873
45,https://www.petrescue.com.au/listings/887759
46,https://www.petrescue.com.au/listings/887758
47,https://www.petrescue.com.au/listings/887757
48,https://www.petrescue.com.au/listings/883115
49,https://www.petrescue.com.au/listings/879164
50,https://www.petrescue.com.au/listings/887746
51,https://www.petrescue.com.au/listings/881934
52,https://www.petrescue.com.au/listings/879129
53,https://www.petrescue.com.au/listings/880312
54,https://www.petrescue.com.au/listings/876926
55,https://www.petrescue.com.au/listings/849194
56,https://www.petrescue.com.au/listings/875953
57,https://www.petrescue.com.au/listings/880181
58,https://www.petrescue.com.au/listings/880180
59,https://www.petrescue.com.au/listings/882757
60,https://www.petrescue.com.au/listings/883801
61,https://www.petrescue.com.au/listings/882053
62,https://www.petrescue.com.au/listings/885101
63,https://www.petrescue.com.au/listings/883827
64,https://www.petrescue.com.au/listings/882811
65,https://www.petrescue.com.au/listings/879466
66,https://www.petrescue.com.au/listings/883832
67,https://www.petrescue.com.au/listings/882963
68,https://www.petrescue.com.au/listings/882795
69,https://www.petrescue.com.au/listings/883830
70,https://www.petrescue.com.au/listings/882752
71,https://www.petrescue.com.au/listings/876927
72,https://www.petrescue.com.au/listings/879130
73,https://www.petrescue.com.au/listings/880543
74,https://www.petrescue.com.au/listings/882766
75,https://www.petrescue.com.au/listings/885103
76,https://www.petrescue.com.au/listings/887736
77,https://www.petrescue.com.au/listings/887735
78,https://www.petrescue.com.au/listings/885838
79,https://www.petrescue.com.au/listings/887734
80,https://www.petrescue.com.au/listings/887733
81,https://www.petrescue.com.au/listings/887732
82,https://www.petrescue.com.au/listings/887717
83,https://www.petrescue.com.au/listings/882208
84,https://www.petrescue.com.au/listings/886011
85,https://www.petrescue.com.au/listings/887681
86,https://www.petrescue.com.au/listings/887679
87,https://www.petrescue.com.au/listings/887678
88,https://www.petrescue.com.au/listings/887677
89,https://www.petrescue.com.au/listings/887670
90,https://www.petrescue.com.au/listings/840154
91,https://www.petrescue.com.au/listings/848244
92,https://www.petrescue.com.au/listings/737775
93,https://www.petrescue.com.au/listings/857133
94,https://www.petrescue.com.au/listings/861675
95,https://www.petrescue.com.au/listings/869965
96,https://www.petrescue.com.au/listings/830842
97,https://www.petrescue.com.au/listings/881331
98,https://www.petrescue.com.au/listings/874483
99,https://www.petrescue.com.au/listings/886376
100,https://www.petrescue.com.au/listings/882821
101,https://www.petrescue.com.au/listings/887655
102,https://www.petrescue.com.au/listings/887654
103,https://www.petrescue.com.au/listings/887653
104,https://www.petrescue.com.au/listings/887652
105,https://www.petrescue.com.au/listings/885947
106,https://www.petrescue.com.au/listings/875206
107,https://www.petrescue.com.au/listings/883647
108,https://www.petrescue.com.au/listings/887651
109,https://www.petrescue.com.au/listings/887644
110,https://www.petrescue.com.au/listings/887642
111,https://www.petrescue.com.au/listings/887637
112,https://www.petrescue.com.au/listings/887636
113,https://www.petrescue.com.au/listings/884745
114,https://www.petrescue.com.au/listings/881406
115,https://www.petrescue.com.au/listings/887635
116,https://www.petrescue.com.au/listings/887632
117,https://www.petrescue.com.au/listings/887631
118,https://www.petrescue.com.au/listings/872971
119,https://www.petrescue.com.au/listings/887626
120,https://www.petrescue.com.au/listings/883907
121,https://www.petrescue.com.au/listings/878951
122,https://www.petrescue.com.au/listings/887610
123,https://www.petrescue.com.au/listings/887609
124,https://www.petrescue.com.au/listings/887608
125,https://www.petrescue.com.au/listings/887602
126,https://www.petrescue.com.au/listings/887599
127,https://www.petrescue.com.au/listings/887598
128,https://www.petrescue.com.au/listings/887594
129,https://www.petrescue.com.au/listings/887593
130,https://www.petrescue.com.au/listings/884588
131,https://www.petrescue.com.au/listings/880733
132,https://www.petrescue.com.au/listings/887570
133,https://www.petrescue.com.au/listings/886359
134,https://www.petrescue.com.au/listings/886361
135,https://www.petrescue.com.au/listings/887568
136,https://www.petrescue.com.au/listings/887567
137,https://www.petrescue.com.au/listings/887566
138,https://www.petrescue.com.au/listings/887564
139,https://www.petrescue.com.au/listings/879765
140,https://www.petrescue.com.au/listings/882136
141,https://www.petrescue.com.au/listings/882939
142,https://www.petrescue.com.au/listings/887557
143,https://www.petrescue.com.au/listings/887556
144,https://www.petrescue.com.au/listings/887555
145,https://www.petrescue.com.au/listings/887554
146,https://www.petrescue.com.au/listings/887549
147,https://www.petrescue.com.au/listings/887545
148,https://www.petrescue.com.au/listings/887543
149,https://www.petrescue.com.au/listings/887537
150,https://www.petrescue.com.au/listings/887534
151,https://www.petrescue.com.au/listings/887533
152,https://www.petrescue.com.au/listings/887530
153,https://www.petrescue.com.au/listings/886306
154,https://www.petrescue.com.au/listings/886312
155,https://www.petrescue.com.au/listings/887529
156,https://www.petrescue.com.au/listings/886267
157,https://www.petrescue.com.au/listings/887509
158,https://www.petrescue.com.au/listings/884859
159,https://www.petrescue.com.au/listings/874589
160,https://www.petrescue.com.au/listings/887502
161,https://www.petrescue.com.au/listings/884858
162,https://www.petrescue.com.au/listings/882466
163,https://www.petrescue.com.au/listings/855337
164,https://www.petrescue.com.au/listings/887471
165,https://www.petrescue.com.au/listings/887470
166,https://www.petrescue.com.au/listings/887469
167,https://www.petrescue.com.au/listings/887468
168,https://www.petrescue.com.au/listings/887467
169,https://www.petrescue.com.au/listings/882215
170,https://www.petrescue.com.au/listings/887457
171,https://www.petrescue.com.au/listings/887456
172,https://www.petrescue.com.au/listings/887454
173,https://www.petrescue.com.au/listings/887451
174,https://www.petrescue.com.au/listings/887448
175,https://www.petrescue.com.au/listings/887446
176,https://www.petrescue.com.au/listings/884662
177,https://www.petrescue.com.au/listings/884660
178,https://www.petrescue.com.au/listings/884658
179,https://www.petrescue.com.au/listings/887412
180,https://www.petrescue.com.au/listings/878052
181,https://www.petrescue.com.au/listings/878050
182,https://www.petrescue.com.au/listings/887406
183,https://www.petrescue.com.au/listings/887401
184,https://www.petrescue.com.au/listings/887399
185,https://www.petrescue.com.au/listings/887382
186,https://www.petrescue.com.au/listings/887379
187,https://www.petrescue.com.au/listings/887369
188,https://www.petrescue.com.au/listings/878629
189,https://www.petrescue.com.au/listings/882598
190,https://www.petrescue.com.au/listings/882601
191,https://www.petrescue.com.au/listings/882596
192,https://www.petrescue.com.au/listings/887361
193,https://www.petrescue.com.au/listings/887360
194,https://www.petrescue.com.au/listings/885896
195,https://www.petrescue.com.au/listings/887357
196,https://www.petrescue.com.au/listings/887356
197,https://www.petrescue.com.au/listings/887354
198,https://www.petrescue.com.au/listings/887342
199,https://www.petrescue.com.au/listings/886078
200,https://www.petrescue.com.au/listings/881207
201,https://www.petrescue.com.au/listings/883368
202,https://www.petrescue.com.au/listings/875492
203,https://www.petrescue.com.au/listings/876636
204,https://www.petrescue.com.au/listings/886083
205,https://www.petrescue.com.au/listings/883638
206,https://www.petrescue.com.au/listings/877650
207,https://www.petrescue.com.au/listings/883441
208,https://www.petrescue.com.au/listings/878910
209,https://www.petrescue.com.au/listings/887324
210,https://www.petrescue.com.au/listings/887319
211,https://www.petrescue.com.au/listings/887317
212,https://www.petrescue.com.au/listings/885989
213,https://www.petrescue.com.au/listings/883911
214,https://www.petrescue.com.au/listings/881758
215,https://www.petrescue.com.au/listings/886009
216,https://www.petrescue.com.au/listings/877199
217,https://www.petrescue.com.au/listings/876130
218,https://www.petrescue.com.au/listings/884842
219,https://www.petrescue.com.au/listings/884838
220,https://www.petrescue.com.au/listings/881292
221,https://www.petrescue.com.au/listings/884840
222,https://www.petrescue.com.au/listings/873093
223,https://www.petrescue.com.au/listings/881721
224,https://www.petrescue.com.au/listings/881726
225,https://www.petrescue.com.au/listings/877923
226,https://www.petrescue.com.au/listings/881742
227,https://www.petrescue.com.au/listings/853831
228,https://www.petrescue.com.au/listings/884595
229,https://www.petrescue.com.au/listings/887228
230,https://www.petrescue.com.au/listings/887223
231,https://www.petrescue.com.au/listings/887218
232,https://www.petrescue.com.au/listings/887203
233,https://www.petrescue.com.au/listings/887202
234,https://www.petrescue.com.au/listings/887200
235,https://www.petrescue.com.au/listings/887198
236,https://www.petrescue.com.au/listings/885994
237,https://www.petrescue.com.au/listings/886016
238,https://www.petrescue.com.au/listings/886033
239,https://www.petrescue.com.au/listings/885993
240,https://www.petrescue.com.au/listings/886030
241,https://www.petrescue.com.au/listings/886027
242,https://www.petrescue.com.au/listings/887187
243,https://www.petrescue.com.au/listings/887182
244,https://www.petrescue.com.au/listings/887180
245,https://www.petrescue.com.au/listings/887177
246,https://www.petrescue.com.au/listings/887176
247,https://www.petrescue.com.au/listings/887152
248,https://www.petrescue.com.au/listings/884082
249,https://www.petrescue.com.au/listings/887135
250,https://www.petrescue.com.au/listings/887126
251,https://www.petrescue.com.au/listings/881866
252,https://www.petrescue.com.au/listings/881827
253,https://www.petrescue.com.au/listings/881865
254,https://www.petrescue.com.au/listings/887098
255,https://www.petrescue.com.au/listings/887096
256,https://www.petrescue.com.au/listings/887091
257,https://www.petrescue.com.au/listings/887083
258,https://www.petrescue.com.au/listings/887079
259,https://www.petrescue.com.au/listings/887078
260,https://www.petrescue.com.au/listings/887077
261,https://www.petrescue.com.au/listings/887068
262,https://www.petrescue.com.au/listings/885200
263,https://www.petrescue.com.au/listings/884736
264,https://www.petrescue.com.au/listings/887063
265,https://www.petrescue.com.au/listings/887061
266,https://www.petrescue.com.au/listings/885930
267,https://www.petrescue.com.au/listings/885928
268,https://www.petrescue.com.au/listings/885901
269,https://www.petrescue.com.au/listings/887044
270,https://www.petrescue.com.au/listings/887043
271,https://www.petrescue.com.au/listings/883891
272,https://www.petrescue.com.au/listings/887032
273,https://www.petrescue.com.au/listings/887031
274,https://www.petrescue.com.au/listings/887030
275,https://www.petrescue.com.au/listings/887029
276,https://www.petrescue.com.au/listings/887028
277,https://www.petrescue.com.au/listings/887026
278,https://www.petrescue.com.au/listings/883684
279,https://www.petrescue.com.au/listings/877870
280,https://www.petrescue.com.au/listings/881728
281,https://www.petrescue.com.au/listings/853819
282,https://www.petrescue.com.au/listings/885257
283,https://www.petrescue.com.au/listings/887007
284,https://www.petrescue.com.au/listings/886998
285,https://www.petrescue.com.au/listings/886996
286,https://www.petrescue.com.au/listings/886995
287,https://www.petrescue.com.au/listings/886994
288,https://www.petrescue.com.au/listings/886985
289,https://www.petrescue.com.au/listings/886980
290,https://www.petrescue.com.au/listings/886978
291,https://www.petrescue.com.au/listings/883404
292,https://www.petrescue.com.au/listings/885822
293,https://www.petrescue.com.au/listings/886977
294,https://www.petrescue.com.au/listings/883286
295,https://www.petrescue.com.au/listings/886963
296,https://www.petrescue.com.au/listings/885798
297,https://www.petrescue.com.au/listings/884265
298,https://www.petrescue.com.au/listings/885823
299,https://www.petrescue.com.au/listings/881428
300,https://www.petrescue.com.au/listings/883262
301,https://www.petrescue.com.au/listings/884959
302,https://www.petrescue.com.au/listings/864310
303,https://www.petrescue.com.au/listings/881004
304,https://www.petrescue.com.au/listings/883326
305,https://www.petrescue.com.au/listings/886896
306,https://www.petrescue.com.au/listings/751647
307,https://www.petrescue.com.au/listings/879817
308,https://www.petrescue.com.au/listings/838485
309,https://www.petrescue.com.au/listings/793348
310,https://www.petrescue.com.au/listings/823762
311,https://www.petrescue.com.au/listings/453445
312,https://www.petrescue.com.au/listings/795941
313,https://www.petrescue.com.au/listings/879819
314,https://www.petrescue.com.au/listings/886850
315,https://www.petrescue.com.au/listings/886846
316,https://www.petrescue.com.au/listings/886831
317,https://www.petrescue.com.au/listings/886829
318,https://www.petrescue.com.au/listings/886823
319,https://www.petrescue.com.au/listings/886814
320,https://www.petrescue.com.au/listings/886802
321,https://www.petrescue.com.au/listings/886800
322,https://www.petrescue.com.au/listings/886797
323,https://www.petrescue.com.au/listings/886793
324,https://www.petrescue.com.au/listings/886792
325,https://www.petrescue.com.au/listings/886789
326,https://www.petrescue.com.au/listings/885708
327,https://www.petrescue.com.au/listings/879079
328,https://www.petrescue.com.au/listings/881483
329,https://www.petrescue.com.au/listings/885705
330,https://www.petrescue.com.au/listings/820880
331,https://www.petrescue.com.au/listings/875305
332,https://www.petrescue.com.au/listings/874515
333,https://www.petrescue.com.au/listings/886785
334,https://www.petrescue.com.au/listings/886780
335,https://www.petrescue.com.au/listings/886763
336,https://www.petrescue.com.au/listings/886762
337,https://www.petrescue.com.au/listings/886760
338,https://www.petrescue.com.au/listings/885609
339,https://www.petrescue.com.au/listings/886755
340,https://www.petrescue.com.au/listings/886732
341,https://www.petrescue.com.au/listings/886715
342,https://www.petrescue.com.au/listings/886713
343,https://www.petrescue.com.au/listings/886712
344,https://www.petrescue.com.au/listings/879354
345,https://www.petrescue.com.au/listings/886704
346,https://www.petrescue.com.au/listings/874691
347,https://www.petrescue.com.au/listings/885626
348,https://www.petrescue.com.au/listings/880872
349,https://www.petrescue.com.au/listings/886678
350,https://www.petrescue.com.au/listings/885483
351,https://www.petrescue.com.au/listings/885085
352,https://www.petrescue.com.au/listings/885498
353,https://www.petrescue.com.au/listings/886670
354,https://www.petrescue.com.au/listings/886669
355,https://www.petrescue.com.au/listings/881568
356,https://www.petrescue.com.au/listings/880324
357,https://www.petrescue.com.au/listings/881544
358,https://www.petrescue.com.au/listings/886641
359,https://www.petrescue.com.au/listings/880325
360,https://www.petrescue.com.au/listings/886633
361,https://www.petrescue.com.au/listings/886629
362,https://www.petrescue.com.au/listings/886628
363,https://www.petrescue.com.au/listings/886627
364,https://www.petrescue.com.au/listings/886626
365,https://www.petrescue.com.au/listings/886625
366,https://www.petrescue.com.au/listings/886619
367,https://www.petrescue.com.au/listings/886618
368,https://www.petrescue.com.au/listings/886614
369,https://www.petrescue.com.au/listings/878421
370,https://www.petrescue.com.au/listings/879502
371,https://www.petrescue.com.au/listings/886613
372,https://www.petrescue.com.au/listings/886612
373,https://www.petrescue.com.au/listings/886604
374,https://www.petrescue.com.au/listings/886603
375,https://www.petrescue.com.au/listings/886598
376,https://www.petrescue.com.au/listings/878907
377,https://www.petrescue.com.au/listings/886593
378,https://www.petrescue.com.au/listings/886590
379,https://www.petrescue.com.au/listings/885524
380,https://www.petrescue.com.au/listings/881960
381,https://www.petrescue.com.au/listings/878414
382,https://www.petrescue.com.au/listings/877853
383,https://www.petrescue.com.au/listings/875986
384,https://www.petrescue.com.au/listings/884117
385,https://www.petrescue.com.au/listings/885066
386,https://www.petrescue.com.au/listings/884115
387,https://www.petrescue.com.au/listings/881251
388,https://www.petrescue.com.au/listings/876017
389,https://www.petrescue.com.au/listings/882887
390,https://www.petrescue.com.au/listings/886553
391,https://www.petrescue.com.au/listings/882895
392,https://www.petrescue.com.au/listings/866814
393,https://www.petrescue.com.au/listings/817350
394,https://www.petrescue.com.au/listings/874385
395,https://www.petrescue.com.au/listings/880596
396,https://www.petrescue.com.au/listings/886552
397,https://www.petrescue.com.au/listings/883048
398,https://www.petrescue.com.au/listings/884479
399,https://www.petrescue.com.au/listings/870382
400,https://www.petrescue.com.au/listings/877440
401,https://www.petrescue.com.au/listings/874828
402,https://www.petrescue.com.au/listings/886550
403,https://www.petrescue.com.au/listings/886545
404,https://www.petrescue.com.au/listings/886530
405,https://www.petrescue.com.au/listings/885291
406,https://www.petrescue.com.au/listings/663045
407,https://www.petrescue.com.au/listings/784899
408,https://www.petrescue.com.au/listings/784904
409,https://www.petrescue.com.au/listings/784940
410,https://www.petrescue.com.au/listings/827878
411,https://www.petrescue.com.au/listings/527832
412,https://www.petrescue.com.au/listings/784896
413,https://www.petrescue.com.au/listings/827876
414,https://www.petrescue.com.au/listings/827877
415,https://www.petrescue.com.au/listings/882227
416,https://www.petrescue.com.au/listings/878714
417,https://www.petrescue.com.au/listings/878963
418,https://www.petrescue.com.au/listings/873758
419,https://www.petrescue.com.au/listings/885221
420,https://www.petrescue.com.au/listings/886521
421,https://www.petrescue.com.au/listings/886506
422,https://www.petrescue.com.au/listings/886505
423,https://www.petrescue.com.au/listings/886495
424,https://www.petrescue.com.au/listings/884202
425,https://www.petrescue.com.au/listings/882309
426,https://www.petrescue.com.au/listings/880853
427,https://www.petrescue.com.au/listings/886476
428,https://www.petrescue.com.au/listings/886467
429,https://www.petrescue.com.au/listings/881369
430,https://www.petrescue.com.au/listings/881370
431,https://www.petrescue.com.au/listings/862720
432,https://www.petrescue.com.au/listings/886460
433,https://www.petrescue.com.au/listings/886458
434,https://www.petrescue.com.au/listings/886447
435,https://www.petrescue.com.au/listings/886439
436,https://www.petrescue.com.au/listings/881892
437,https://www.petrescue.com.au/listings/867243
438,https://www.petrescue.com.au/listings/886425
439,https://www.petrescue.com.au/listings/885241
440,https://www.petrescue.com.au/listings/880504
441,https://www.petrescue.com.au/listings/878957
442,https://www.petrescue.com.au/listings/883163
443,https://www.petrescue.com.au/listings/881048
444,https://www.petrescue.com.au/listings/883804
445,https://www.petrescue.com.au/listings/869778
446,https://www.petrescue.com.au/listings/886382
447,https://www.petrescue.com.au/listings/886374
448,https://www.petrescue.com.au/listings/886341
449,https://www.petrescue.com.au/listings/886329
450,https://www.petrescue.com.au/listings/886322
451,https://www.petrescue.com.au/listings/886270
452,https://www.petrescue.com.au/listings/886269
453,https://www.petrescue.com.au/listings/886268
454,https://www.petrescue.com.au/listings/886265
455,https://www.petrescue.com.au/listings/886263
456,https://www.petrescue.com.au/listings/844218
457,https://www.petrescue.com.au/listings/880179
458,https://www.petrescue.com.au/listings/886249
459,https://www.petrescue.com.au/listings/882886
460,https://www.petrescue.com.au/listings/886245
461,https://www.petrescue.com.au/listings/881962
462,https://www.petrescue.com.au/listings/886231
463,https://www.petrescue.com.au/listings/886229
464,https://www.petrescue.com.au/listings/886227
465,https://www.petrescue.com.au/listings/886226
466,https://www.petrescue.com.au/listings/886211
467,https://www.petrescue.com.au/listings/885164
468,https://www.petrescue.com.au/listings/876576
469,https://www.petrescue.com.au/listings/876641
470,https://www.petrescue.com.au/listings/886177
471,https://www.petrescue.com.au/listings/886162
472,https://www.petrescue.com.au/listings/880362
473,https://www.petrescue.com.au/listings/886140
474,https://www.petrescue.com.au/listings/886093
475,https://www.petrescue.com.au/listings/881715
476,https://www.petrescue.com.au/listings/875182
477,https://www.petrescue.com.au/listings/886075
478,https://www.petrescue.com.au/listings/886073
479,https://www.petrescue.com.au/listings/886024
480,https://www.petrescue.com.au/listings/882502
481,https://www.petrescue.com.au/listings/881823
482,https://www.petrescue.com.au/listings/885986
483,https://www.petrescue.com.au/listings/885959
484,https://www.petrescue.com.au/listings/874473
485,https://www.petrescue.com.au/listings/881784
486,https://www.petrescue.com.au/listings/885952
487,https://www.petrescue.com.au/listings/877190
488,https://www.petrescue.com.au/listings/883775
489,https://www.petrescue.com.au/listings/885924
490,https://www.petrescue.com.au/listings/879975
491,https://www.petrescue.com.au/listings/883477
492,https://www.petrescue.com.au/listings/883475
493,https://www.petrescue.com.au/listings/543388
494,https://www.petrescue.com.au/listings/877021
495,https://www.petrescue.com.au/listings/760091
496,https://www.petrescue.com.au/listings/877346
497,https://www.petrescue.com.au/listings/824642
498,https://www.petrescue.com.au/listings/870509
499,https://www.petrescue.com.au/listings/875166
500,https://www.petrescue.com.au/listings/825572
501,https://www.petrescue.com.au/listings/885824
502,https://www.petrescue.com.au/listings/883770
503,https://www.petrescue.com.au/listings/885768
504,https://www.petrescue.com.au/listings/885721
505,https://www.petrescue.com.au/listings/884461
506,https://www.petrescue.com.au/listings/884457
507,https://www.petrescue.com.au/listings/885655
508,https://www.petrescue.com.au/listings/885559
509,https://www.petrescue.com.au/listings/883760
510,https://www.petrescue.com.au/listings/877977
511,https://www.petrescue.com.au/listings/885480
512,https://www.petrescue.com.au/listings/885462
513,https://www.petrescue.com.au/listings/885431
514,https://www.petrescue.com.au/listings/885420
515,https://www.petrescue.com.au/listings/881376
516,https://www.petrescue.com.au/listings/881840
517,https://www.petrescue.com.au/listings/876328
518,https://www.petrescue.com.au/listings/885400
519,https://www.petrescue.com.au/listings/885328
520,https://www.petrescue.com.au/listings/876627
521,https://www.petrescue.com.au/listings/883644
522,https://www.petrescue.com.au/listings/883440
523,https://www.petrescue.com.au/listings/885029
524,https://www.petrescue.com.au/listings/884879
525,https://www.petrescue.com.au/listings/884878
526,https://www.petrescue.com.au/listings/884384
527,https://www.petrescue.com.au/listings/881167
528,https://www.petrescue.com.au/listings/884356
529,https://www.petrescue.com.au/listings/884261
530,https://www.petrescue.com.au/listings/884238
531,https://www.petrescue.com.au/listings/884210
532,https://www.petrescue.com.au/listings/884187
533,https://www.petrescue.com.au/listings/884178
534,https://www.petrescue.com.au/listings/878667
535,https://www.petrescue.com.au/listings/884094
536,https://www.petrescue.com.au/listings/884093
537,https://www.petrescue.com.au/listings/884080
538,https://www.petrescue.com.au/listings/884066
539,https://www.petrescue.com.au/listings/884064
540,https://www.petrescue.com.au/listings/884061
541,https://www.petrescue.com.au/listings/884055
542,https://www.petrescue.com.au/listings/884021
543,https://www.petrescue.com.au/listings/884014
544,https://www.petrescue.com.au/listings/875430
545,https://www.petrescue.com.au/listings/883951
546,https://www.petrescue.com.au/listings/883950
547,https://www.petrescue.com.au/listings/879374
548,https://www.petrescue.com.au/listings/881764
549,https://www.petrescue.com.au/listings/876756
550,https://www.petrescue.com.au/listings/876726
551,https://www.petrescue.com.au/listings/870891
552,https://www.petrescue.com.au/listings/876835
553,https://www.petrescue.com.au/listings/876753
554,https://www.petrescue.com.au/listings/876834
555,https://www.petrescue.com.au/listings/883892
556,https://www.petrescue.com.au/listings/876723
557,https://www.petrescue.com.au/listings/883817
558,https://www.petrescue.com.au/listings/881517
559,https://www.petrescue.com.au/listings/883765
560,https://www.petrescue.com.au/listings/883761
561,https://www.petrescue.com.au/listings/883734
562,https://www.petrescue.com.au/listings/883733
563,https://www.petrescue.com.au/listings/883583
564,https://www.petrescue.com.au/listings/866403
565,https://www.petrescue.com.au/listings/883495
566,https://www.petrescue.com.au/listings/883470
567,https://www.petrescue.com.au/listings/883458
568,https://www.petrescue.com.au/listings/881417
569,https://www.petrescue.com.au/listings/882854
570,https://www.petrescue.com.au/listings/882778
571,https://www.petrescue.com.au/listings/882635
572,https://www.petrescue.com.au/listings/847851
573,https://www.petrescue.com.au/listings/847786
574,https://www.petrescue.com.au/listings/875437
575,https://www.petrescue.com.au/listings/871250
576,https://www.petrescue.com.au/listings/863586
577,https://www.petrescue.com.au/listings/882431
578,https://www.petrescue.com.au/listings/877144
579,https://www.petrescue.com.au/listings/879373
580,https://www.petrescue.com.au/listings/882042
581,https://www.petrescue.com.au/listings/882041
582,https://www.petrescue.com.au/listings/881898
583,https://www.petrescue.com.au/listings/881611
584,https://www.petrescue.com.au/listings/881555
585,https://www.petrescue.com.au/listings/877875
586,https://www.petrescue.com.au/listings/881515
587,https://www.petrescue.com.au/listings/881514
588,https://www.petrescue.com.au/listings/881444
589,https://www.petrescue.com.au/listings/845938
590,https://www.petrescue.com.au/listings/880184
591,https://www.petrescue.com.au/listings/877140
592,https://www.petrescue.com.au/listings/880065
593,https://www.petrescue.com.au/listings/876705
594,https://www.petrescue.com.au/listings/879896
595,https://www.petrescue.com.au/listings/879894
596,https://www.petrescue.com.au/listings/877485
597,https://www.petrescue.com.au/listings/854729
598,https://www.petrescue.com.au/listings/817706
599,https://www.petrescue.com.au/listings/818832
600,https://www.petrescue.com.au/listings/879494
601,https://www.petrescue.com.au/listings/879291
602,https://www.petrescue.com.au/listings/876657
603,https://www.petrescue.com.au/listings/876635
604,https://www.petrescue.com.au/listings/868392
605,https://www.petrescue.com.au/listings/879142
606,https://www.petrescue.com.au/listings/879141
607,https://www.petrescue.com.au/listings/873884
608,https://www.petrescue.com.au/listings/877492
609,https://www.petrescue.com.au/listings/873161
610,https://www.petrescue.com.au/listings/873158
611,https://www.petrescue.com.au/listings/873012
612,https://www.petrescue.com.au/listings/878848
613,https://www.petrescue.com.au/listings/878839
614,https://www.petrescue.com.au/listings/878795
615,https://www.petrescue.com.au/listings/878794
616,https://www.petrescue.com.au/listings/878788
617,https://www.petrescue.com.au/listings/878669
618,https://www.petrescue.com.au/listings/878599
619,https://www.petrescue.com.au/listings/878374
620,https://www.petrescue.com.au/listings/878357
621,https://www.petrescue.com.au/listings/878328
622,https://www.petrescue.com.au/listings/878163
623,https://www.petrescue.com.au/listings/876961
624,https://www.petrescue.com.au/listings/861337
625,https://www.petrescue.com.au/listings/876988
626,https://www.petrescue.com.au/listings/876879
627,https://www.petrescue.com.au/listings/876762
628,https://www.petrescue.com.au/listings/876716
629,https://www.petrescue.com.au/listings/876339
630,https://www.petrescue.com.au/listings/876337
631,https://www.petrescue.com.au/listings/876336
632,https://www.petrescue.com.au/listings/874169
633,https://www.petrescue.com.au/listings/864071
634,https://www.petrescue.com.au/listings/871398
635,https://www.petrescue.com.au/listings/814194
636,https://www.petrescue.com.au/listings/866912
637,https://www.petrescue.com.au/listings/866911
638,https://www.petrescue.com.au/listings/866404
639,https://www.petrescue.com.au/listings/862711
640,https://www.petrescue.com.au/listings/860759
641,https://www.petrescue.com.au/listings/811758
642,https://www.petrescue.com.au/listings/850748
643,https://www.petrescue.com.au/listings/841303
644,https://www.petrescue.com.au/listings/838910
645,https://www.petrescue.com.au/listings/838821
646,https://www.petrescue.com.au/listings/821868
647,https://www.petrescue.com.au/listings/821947
648,https://www.petrescue.com.au/listings/815249
649,https://www.petrescue.com.au/listings/794484
650,https://www.petrescue.com.au/listings/794399
651,https://www.petrescue.com.au/listings/511805
652,https://www.petrescue.com.au/listings/621194
653,https://www.petrescue.com.au/listings/489002
654,https://www.petrescue.com.au/listings/795842
655,https://www.petrescue.com.au/listings/793271
